run_id	pair_id	condition	profile_runtime_state	service_restarted_before	baseline_ready	audit_source	audit_event_observed	expected_decision	t0_utc	apparmor_decision	syscall_result	service_active_before	service_active_after	legit_request_before	legit_request_after	wazuh_rule_id	passed	notes
AA-C-01	P01	complain	complain	true	true	/var/log/audit/audit.log	true	ALLOWED	2026-10-01T16:39:48.317Z	ALLOWED	not_independently_measured	[SSH password prompt]	[SSH password prompt]	true	true		true	wazuh_alert_utc=; audit_source=/var/log/audit/audit.log; expected_decision=ALLOWED; independent_outcome_check=not_configured
AA-E-01	P01	enforce	enforce	true	true	/var/log/audit/audit.log	true	DENIED	2026-10-01T16:40:28.958Z	DENIED	not_independently_measured	[SSH password prompt]	[SSH password prompt]	true	true	130920	true	wazuh_alert_utc=2026-10-01T16:40:49.264+0000; audit_source=/var/log/audit/audit.log; expected_decision=DENIED; independent_outcome_check=not_configured
AA-C-02	P02	complain	complain	true	true	/var/log/audit/audit.log	true	ALLOWED	2026-10-01T16:41:10.105Z	ALLOWED	not_independently_measured	[SSH password prompt]	[SSH password prompt]	true	true		true	wazuh_alert_utc=; audit_source=/var/log/audit/audit.log; expected_decision=ALLOWED; independent_outcome_check=not_configured
AA-E-02	P02	enforce	enforce	true	true	/var/log/audit/audit.log	true	DENIED	2026-10-01T16:41:44.628Z	DENIED	not_independently_measured	[SSH password prompt]	[SSH password prompt]	true	true	130920	true	wazuh_alert_utc=2026-10-01T16:41:57.333+0000; audit_source=/var/log/audit/audit.log; expected_decision=DENIED; independent_outcome_check=not_configured
AA-C-03	P03	complain	complain	true	true	/var/log/audit/audit.log	true	ALLOWED	2026-10-01T16:42:19.149Z	ALLOWED	not_independently_measured	[SSH password prompt]	[SSH password prompt]	true	true		true	wazuh_alert_utc=; audit_source=/var/log/audit/audit.log; expected_decision=ALLOWED; independent_outcome_check=not_configured
AA-E-03	P03	enforce	enforce	true	true	/var/log/audit/audit.log	true	DENIED	2026-10-01T16:42:51.986Z	DENIED	not_independently_measured	[SSH password prompt]	[SSH password prompt]	true	true	130920	true	wazuh_alert_utc=2026-10-01T16:43:05.296+0000; audit_source=/var/log/audit/audit.log; expected_decision=DENIED; independent_outcome_check=not_configured
AA-C-04	P04	complain	complain	true	true	/var/log/audit/audit.log	true	ALLOWED	2026-10-01T16:43:25.982Z	ALLOWED	not_independently_measured	[SSH password prompt]	[SSH password prompt]	true	true		true	wazuh_alert_utc=; audit_source=/var/log/audit/audit.log; expected_decision=ALLOWED; independent_outcome_check=not_configured
AA-E-04	P04	enforce	enforce	true	true	/var/log/audit/audit.log	true	DENIED	2026-10-01T16:43:57.664Z	DENIED	not_independently_measured	[SSH password prompt]	[SSH password prompt]	true	true	130920	true	wazuh_alert_utc=2026-10-01T16:44:09.393+0000; audit_source=/var/log/audit/audit.log; expected_decision=DENIED; independent_outcome_check=not_configured
AA-C-05	P05	complain	complain	true	true	/var/log/audit/audit.log	true	ALLOWED	2026-10-01T16:44:31.617Z	ALLOWED	not_independently_measured	[SSH password prompt]	[SSH password prompt]	true	true		true	wazuh_alert_utc=; audit_source=/var/log/audit/audit.log; expected_decision=ALLOWED; independent_outcome_check=not_configured
AA-E-05	P05	enforce	enforce	true	true	/var/log/audit/audit.log	true	DENIED	2026-10-01T16:45:04.064Z	DENIED	not_independently_measured	[SSH password prompt]	[SSH password prompt]	true	true	130920	true	wazuh_alert_utc=2026-10-01T16:45:17.314+0000; audit_source=/var/log/audit/audit.log; expected_decision=DENIED; independent_outcome_check=not_configured
