run_id	condition	ossec_hash	t0_utc	live_utc	movement_utc	alert_utc	ar_utc	quarantine_seen_utc	contained_utc	run_uid	live_detected	movement_detected	ar_eligible_alert_detected	active_response_invoked	quarantine_observed	detection_ok	quarantine_before	quarantine_after	containment_ok	target_ok	management_ok	live_rule_id	movement_rule_id	primary_rule_id	notes
RS-OFF-01	OFF	b71d240dde7a92093c560f1926dfb02caf5a729208787cc2dd9c6329a3d9d160	2026-10-01T16:16:10.605Z	2026-10-01T16:16:14.052+0000	2026-10-01T16:16:42.543+0000	2026-10-01T16:16:42.543+0000				CQnkOA3KKHK7ebgCkg	true	true	true	false	false	true	false	false	not_expected	true	true	120907	120908	120908	probe_before_ok=true; probe_collected=true; uid=CQnkOA3KKHK7ebgCkg; q_seen_utc=; unexpected_block_utc=; tLive_ms=3447.0; tMovement_ms=31938.0; tD_ms=31938.0; tAR_ms=; tC_ms=; pass=True
RS-ON-01	ON	b0bc2118366fb6b6bfc37755eb81b9522c2b2cc595891abc10286b648a46ec5f	2026-10-01T16:18:44.006Z	2026-10-01T16:18:47.032+0000	2026-10-01T16:19:17.036+0000	2026-10-01T16:19:17.036+0000	2026-10-01T16:19:17.408Z	2026-10-01T16:19:17.812Z	2026-10-01T16:19:21.023Z	CrtXJT3ZUexLdq0yt4	true	true	true	true	true	true	false	true	true	true	true	100910	120911	120911	probe_before_ok=true; probe_collected=true; uid=CrtXJT3ZUexLdq0yt4; q_seen_utc=2026-10-01T16:19:17.812Z; unexpected_block_utc=; tLive_ms=3026.0; tMovement_ms=33030.0; tD_ms=33030.0; tAR_ms=372.0; tC_ms=37017.0; pass=True
RS-OFF-02	OFF	b71d240dde7a92093c560f1926dfb02caf5a729208787cc2dd9c6329a3d9d160	2026-10-01T16:21:03.321Z	2026-10-01T16:21:05.456+0000	2026-10-01T16:21:35.457+0000	2026-10-01T16:21:35.457+0000				CPC22l337SlzTGadV2	true	true	true	false	false	true	false	false	not_expected	true	true	100910	120911	120911	probe_before_ok=true; probe_collected=true; uid=CPC22l337SlzTGadV2; q_seen_utc=; unexpected_block_utc=; tLive_ms=2135.0; tMovement_ms=32136.0; tD_ms=32136.0; tAR_ms=; tC_ms=; pass=True
RS-ON-02	ON	b0bc2118366fb6b6bfc37755eb81b9522c2b2cc595891abc10286b648a46ec5f	2026-10-01T16:23:43.642Z	2026-10-01T16:23:45.816+0000	2026-10-01T16:24:15.825+0000	2026-10-01T16:24:15.825+0000	2026-10-01T16:24:16.184Z	2026-10-01T16:24:16.882Z	2026-10-01T16:24:19.911Z	CVCJle3ielDDrgUvn7	true	true	true	true	true	true	false	true	true	true	true	100910	120911	120911	probe_before_ok=true; probe_collected=true; uid=CVCJle3ielDDrgUvn7; q_seen_utc=2026-10-01T16:24:16.882Z; unexpected_block_utc=; tLive_ms=2174.0; tMovement_ms=32183.0; tD_ms=32183.0; tAR_ms=359.0; tC_ms=36269.0; pass=True
RS-OFF-03	OFF	b71d240dde7a92093c560f1926dfb02caf5a729208787cc2dd9c6329a3d9d160	2026-10-01T16:26:09.338Z	2026-10-01T16:26:15.256+0000	2026-10-01T16:26:45.263+0000	2026-10-01T16:26:45.263+0000				C5r4w9Qcaw3Vp9IQ1	true	true	true	false	false	true	false	false	not_expected	true	true	100910	120911	120911	probe_before_ok=true; probe_collected=true; uid=C5r4w9Qcaw3Vp9IQ1; q_seen_utc=; unexpected_block_utc=; tLive_ms=5918.0; tMovement_ms=35925.0; tD_ms=35925.0; tAR_ms=; tC_ms=; pass=True
RS-ON-03	ON	b0bc2118366fb6b6bfc37755eb81b9522c2b2cc595891abc10286b648a46ec5f	2026-10-01T16:28:47.782Z	2026-10-01T16:28:50.670+0000	2026-10-01T16:29:20.674+0000	2026-10-01T16:29:20.674+0000	2026-10-01T16:29:21.036Z	2026-10-01T16:29:21.523Z	2026-10-01T16:29:24.442Z	CJJcRD3U1ReUzx6VDl	true	true	true	true	true	true	false	true	true	true	true	100910	120911	120911	probe_before_ok=true; probe_collected=true; uid=CJJcRD3U1ReUzx6VDl; q_seen_utc=2026-10-01T16:29:21.523Z; unexpected_block_utc=; tLive_ms=2888.0; tMovement_ms=32892.0; tD_ms=32892.0; tAR_ms=362.0; tC_ms=36660.0; pass=True
RS-OFF-04	OFF	b71d240dde7a92093c560f1926dfb02caf5a729208787cc2dd9c6329a3d9d160	2026-10-01T16:31:08.214Z	2026-10-01T16:31:11.062+0000	2026-10-01T16:31:41.071+0000	2026-10-01T16:31:41.071+0000				CWKWrd3YteHocMSYg4	true	true	true	false	false	true	false	false	not_expected	true	true	100910	120911	120911	probe_before_ok=true; probe_collected=true; uid=CWKWrd3YteHocMSYg4; q_seen_utc=; unexpected_block_utc=; tLive_ms=2848.0; tMovement_ms=32857.0; tD_ms=32857.0; tAR_ms=; tC_ms=; pass=True
RS-ON-04	ON	b0bc2118366fb6b6bfc37755eb81b9522c2b2cc595891abc10286b648a46ec5f	2026-10-01T16:33:48.335Z	2026-10-01T16:33:51.426+0000	2026-10-01T16:34:21.429+0000	2026-10-01T16:34:21.429+0000	2026-10-01T16:34:21.770Z	2026-10-01T16:34:22.685Z	2026-10-01T16:34:25.241Z	CFqE6onEwWGJqSY8	true	true	true	true	true	true	false	true	true	true	true	120907	120908	120908	probe_before_ok=true; probe_collected=true; uid=CFqE6onEwWGJqSY8; q_seen_utc=2026-10-01T16:34:22.685Z; unexpected_block_utc=; tLive_ms=3091.0; tMovement_ms=33094.0; tD_ms=33094.0; tAR_ms=341.0; tC_ms=36906.0; pass=True
RS-OFF-05	OFF	b71d240dde7a92093c560f1926dfb02caf5a729208787cc2dd9c6329a3d9d160	2026-10-01T16:36:08.779Z	2026-10-01T16:36:13.913+0000	2026-10-01T16:36:43.912+0000	2026-10-01T16:36:43.912+0000				CNefUo1xWxU3L4uGW9	true	true	true	false	false	true	false	false	not_expected	true	true	100910	120911	120911	probe_before_ok=true; probe_collected=true; uid=CNefUo1xWxU3L4uGW9; q_seen_utc=; unexpected_block_utc=; tLive_ms=5134.0; tMovement_ms=35133.0; tD_ms=35133.0; tAR_ms=; tC_ms=; pass=True
RS-ON-05	ON	b0bc2118366fb6b6bfc37755eb81b9522c2b2cc595891abc10286b648a46ec5f	2026-10-01T16:38:47.252Z	2026-10-01T16:38:50.199+0000	2026-10-01T16:39:20.205+0000	2026-10-01T16:39:20.205+0000	2026-10-01T16:39:20.560Z	2026-10-01T16:39:21.424Z	2026-10-01T16:39:24.120Z	Cjs2Li4hqNMj4KcDVl	true	true	true	true	true	true	false	true	true	true	true	120907	120908	120908	probe_before_ok=true; probe_collected=true; uid=Cjs2Li4hqNMj4KcDVl; q_seen_utc=2026-10-01T16:39:21.424Z; unexpected_block_utc=; tLive_ms=2947.0; tMovement_ms=32953.0; tD_ms=32953.0; tAR_ms=355.0; tC_ms=36868.0; pass=True
