timestamp_utc	rc
2026-10-01T16:15:57.537Z	0
2026-10-01T16:15:58.046Z	0
2026-10-01T16:15:58.552Z	0
2026-10-01T16:15:59.059Z	0
2026-10-01T16:15:59.565Z	0
2026-10-01T16:16:00.073Z	0
2026-10-01T16:16:00.579Z	0
2026-10-01T16:16:01.085Z	0
2026-10-01T16:16:01.592Z	0
2026-10-01T16:16:02.098Z	0
2026-10-01T16:16:02.605Z	0
2026-10-01T16:16:03.111Z	0
2026-10-01T16:16:03.618Z	0
2026-10-01T16:16:04.125Z	0
2026-10-01T16:16:04.632Z	0
2026-10-01T16:16:05.140Z	0
2026-10-01T16:16:05.647Z	0
2026-10-01T16:16:06.154Z	0
2026-10-01T16:16:06.660Z	0
2026-10-01T16:16:07.166Z	0
2026-10-01T16:16:07.673Z	0
2026-10-01T16:16:08.179Z	0
2026-10-01T16:16:08.688Z	0
2026-10-01T16:16:09.195Z	0
2026-10-01T16:16:09.702Z	0
2026-10-01T16:16:10.209Z	0
2026-10-01T16:16:10.715Z	0
2026-10-01T16:16:11.221Z	0
2026-10-01T16:16:11.727Z	0
2026-10-01T16:16:12.233Z	0
2026-10-01T16:16:12.739Z	0
2026-10-01T16:16:13.246Z	0
2026-10-01T16:16:13.753Z	0
2026-10-01T16:16:14.259Z	0
2026-10-01T16:16:14.765Z	0
2026-10-01T16:16:15.272Z	0
2026-10-01T16:16:15.778Z	0
2026-10-01T16:16:16.285Z	0
2026-10-01T16:16:16.792Z	0
2026-10-01T16:16:17.298Z	0
2026-10-01T16:16:17.804Z	0
2026-10-01T16:16:18.311Z	0
2026-10-01T16:16:18.818Z	0
2026-10-01T16:16:19.324Z	0
2026-10-01T16:16:19.831Z	0
2026-10-01T16:16:20.337Z	0
2026-10-01T16:16:20.843Z	0
2026-10-01T16:16:21.351Z	0
2026-10-01T16:16:21.858Z	0
2026-10-01T16:16:22.365Z	0
2026-10-01T16:16:22.871Z	0
2026-10-01T16:16:23.377Z	0
2026-10-01T16:16:23.883Z	0
2026-10-01T16:16:24.390Z	0
2026-10-01T16:16:24.896Z	0
2026-10-01T16:16:25.403Z	0
2026-10-01T16:16:25.909Z	0
2026-10-01T16:16:26.416Z	0
2026-10-01T16:16:26.922Z	0
2026-10-01T16:16:27.428Z	0
2026-10-01T16:16:27.934Z	0
2026-10-01T16:16:28.443Z	0
2026-10-01T16:16:28.950Z	0
2026-10-01T16:16:29.458Z	0
2026-10-01T16:16:29.965Z	0
2026-10-01T16:16:30.473Z	0
2026-10-01T16:16:30.979Z	0
2026-10-01T16:16:31.485Z	0
2026-10-01T16:16:31.992Z	0
2026-10-01T16:16:32.498Z	0
2026-10-01T16:16:33.004Z	0
2026-10-01T16:16:33.510Z	0
2026-10-01T16:16:34.016Z	0
2026-10-01T16:16:34.523Z	0
2026-10-01T16:16:35.030Z	0
2026-10-01T16:16:35.537Z	0
2026-10-01T16:16:36.043Z	0
2026-10-01T16:16:36.550Z	0
2026-10-01T16:16:37.056Z	0
2026-10-01T16:16:37.562Z	0
2026-10-01T16:16:38.069Z	0
2026-10-01T16:16:38.577Z	0
2026-10-01T16:16:39.085Z	0
2026-10-01T16:16:39.592Z	0
2026-10-01T16:16:40.098Z	0
2026-10-01T16:16:40.610Z	0
2026-10-01T16:16:41.118Z	0
2026-10-01T16:16:41.624Z	0
2026-10-01T16:16:42.131Z	0
2026-10-01T16:16:42.637Z	0
2026-10-01T16:16:43.144Z	0
2026-10-01T16:16:43.651Z	0
2026-10-01T16:16:44.159Z	0
2026-10-01T16:16:44.665Z	0
2026-10-01T16:16:45.171Z	0
2026-10-01T16:16:45.678Z	0
2026-10-01T16:16:46.185Z	0
2026-10-01T16:16:46.693Z	0
2026-10-01T16:16:47.199Z	0
2026-10-01T16:16:47.705Z	0
2026-10-01T16:16:48.211Z	0
2026-10-01T16:16:48.718Z	0
2026-10-01T16:16:49.224Z	0
2026-10-01T16:16:49.732Z	0
2026-10-01T16:16:50.240Z	0
2026-10-01T16:16:50.748Z	0
2026-10-01T16:16:51.255Z	0
2026-10-01T16:16:51.763Z	0
2026-10-01T16:16:52.270Z	0
2026-10-01T16:16:52.779Z	0
2026-10-01T16:16:53.287Z	0
2026-10-01T16:16:53.795Z	0
2026-10-01T16:16:54.302Z	0
2026-10-01T16:16:54.808Z	0
2026-10-01T16:16:55.316Z	0
2026-10-01T16:16:55.823Z	0
2026-10-01T16:16:56.329Z	0
2026-10-01T16:16:56.835Z	0
2026-10-01T16:16:57.346Z	0
2026-10-01T16:16:57.852Z	0
2026-10-01T16:16:58.358Z	0
2026-10-01T16:16:58.864Z	0
2026-10-01T16:16:59.370Z	0
2026-10-01T16:16:59.877Z	0
2026-10-01T16:17:00.383Z	0
2026-10-01T16:17:00.889Z	0
2026-10-01T16:17:01.395Z	0
2026-10-01T16:17:01.902Z	0
2026-10-01T16:17:02.408Z	0
2026-10-01T16:17:02.915Z	0
2026-10-01T16:17:03.421Z	0
2026-10-01T16:17:03.928Z	0
2026-10-01T16:17:04.435Z	0
2026-10-01T16:17:04.941Z	0
2026-10-01T16:17:05.447Z	0
2026-10-01T16:17:05.953Z	0
2026-10-01T16:17:06.460Z	0
2026-10-01T16:17:06.966Z	0
2026-10-01T16:17:07.477Z	0
2026-10-01T16:17:07.983Z	0
2026-10-01T16:17:08.490Z	0
2026-10-01T16:17:08.998Z	0
2026-10-01T16:17:09.506Z	0
2026-10-01T16:17:10.013Z	0
2026-10-01T16:17:10.519Z	0
2026-10-01T16:17:11.026Z	0
2026-10-01T16:17:11.532Z	0
2026-10-01T16:17:12.038Z	0
2026-10-01T16:17:12.544Z	0
2026-10-01T16:17:13.051Z	0
2026-10-01T16:17:13.558Z	0
2026-10-01T16:17:14.065Z	0
